{"mel": {"mel_max": 18517.816701982778, "mel_min": 0.0, "mel_mean": 9.98822179823947, "mel_std": 93.36492545254515}, "chroma": {"chroma_max": 1.0, "chroma_min": 0.0, "chroma_mean": 0.377188293279868, "chroma_std": 0.30716744338370644}, "mfcc": {"mfcc_max": 303.49173728261627, "mfcc_min": -1131.370849898476, "mfcc_mean": -0.4252381814461332, "mfcc_std": 51.306895577820946}, "spec": {"spec_max": 95.36324960456079, "spec_min": 0.0, "spec_mean": 21.54160757401616, "spec_std": 7.535548742967263}, "tonn": {"tonn_max": 0.6656872958911089, "tonn_min": -0.4680074320900417, "tonn_mean": 0.0037642607551096213, "tonn_std": 0.07690120648976552}}